secao;numero_citado;tipo;veredito;motivo;conferido_contra;valor_na_fonte
"Resumo";"R$ 17,24 bilhões";"moeda";"CONFERE";"";"documento CVM: ""Resultado Líquido das Operações Continuadas"" = 17.240.000 (R$ mil)";"R$ 17,24 bilhões"
"Resumo";"4,6%";"percentual";"CONFERE";"";"métrica calculada: receita_principal.variacao_pct";"4,6%"
"Resumo";"15,3%";"percentual";"CONFERE";"";"métrica calculada: lucro_liquido.variacao_pct";"-15,3%"
"Faturamento";"R$ 101,69 bilhões";"moeda";"CONFERE";"";"métrica calculada: receita_principal.valor_atual";"R$ 101,69 bilhões"
"Faturamento";"R$ 97,22 bilhões";"moeda";"CONFERE";"";"métrica calculada: receita_principal.valor_anterior";"R$ 97,22 bilhões"
"Faturamento";"4,6%";"percentual";"CONFERE";"";"métrica calculada: receita_principal.variacao_pct";"4,6%"
"Lucro";"R$ 17,24 bilhões";"moeda";"CONFERE";"";"documento CVM: ""Resultado Líquido das Operações Continuadas"" = 17.240.000 (R$ mil)";"R$ 17,24 bilhões"
"Lucro";"R$ 20,36 bilhões";"moeda";"CONFERE";"";"documento CVM: ""Resultado Líquido das Operações Continuadas"" (anterior) = 20.360.000 (R$ mil)";"R$ 20,36 bilhões"
"Lucro";"R$ 24 milhões";"moeda";"CONFERE";"";"documento CVM: ""Resultado de equivalência patrimonial"" (anterior) = 24.000 (R$ mil)";"R$ 24,00 milhões"
"Lucro";"R$ 693 milhões";"moeda";"CONFERE";"";"documento CVM: ""Resultado de equivalência patrimonial"" = -693.000 (R$ mil)";"-R$ 693,00 milhões"
"Lucro";"R$ 2,199 bilhões";"moeda";"CONFERE";"";"documento CVM: ""Perdas pela Não Recuperabilidade de Ativos"" (anterior) = -2.199.000 (R$ mil)";"-R$ 2,20 bilhões"
"Lucro";"R$ 542 milhões";"moeda";"CONFERE";"";"documento CVM: ""Perdas pela Não Recuperabilidade de Ativos"" = -542.000 (R$ mil)";"-R$ 542,00 milhões"
"Lucro";"R$ 100";"reais";"IGNORADO";"";"recurso didático (não conta na taxa)";""
"Lucro";"R$ 16,95";"reais";"CONFERE";"";"métrica calculada: lucro_liquido.contexto_por_100_reais";"R$ 16,95"
"Lucro";"15,3%";"percentual";"CONFERE";"";"métrica calculada: lucro_liquido.variacao_pct";"-15,3%"
"Lucro";"9,8%";"percentual";"CONFERE";"";"métrica calculada: outros_destaques";"9,8%"
"Caixa e Dívidas";"R$ 29,84 bilhões";"moeda";"CONFERE";"";"métrica calculada: endividamento.liquidez_total";"R$ 29,84 bilhões"
"Caixa e Dívidas";"R$ 40,56 bilhões";"moeda";"CONFERE";"";"métrica calculada: endividamento.caixa_anterior";"R$ 40,56 bilhões"
"Caixa e Dívidas";"R$ 98,03 bilhões";"moeda";"CONFERE";"";"métrica calculada: endividamento.divida_bruta";"R$ 98,03 bilhões"
"Caixa e Dívidas";"R$ 103,46 bilhões";"moeda";"CONFERE";"";"métrica calculada: endividamento.divida_bruta_anterior";"R$ 103,46 bilhões"
"Caixa e Dívidas";"R$ 68,19 bilhões";"moeda";"CONFERE";"";"métrica calculada: endividamento.divida_liquida";"R$ 68,19 bilhões"
"Caixa e Dívidas";"R$ 61,83 bilhões";"moeda";"CONFERE";"";"métrica calculada: endividamento.divida_liquida_anterior";"R$ 61,83 bilhões"
"Caixa e Dívidas";"28,8%";"percentual";"CONFERE";"";"métrica calculada: endividamento.variacao_caixa_pct";"-28,8%"
"Caixa e Dívidas";"5,2%";"percentual";"CONFERE";"";"métrica calculada: endividamento.variacao_divida_pct";"-5,2%"
"Positivo";"R$ 101,69 bilhões";"moeda";"CONFERE";"";"métrica calculada: receita_principal.valor_atual";"R$ 101,69 bilhões"
"Positivo";"R$ 33,05 bilhões";"moeda";"CONFERE";"";"métrica calculada: ebitda.valor_atual";"R$ 33,05 bilhões"
"Positivo";"R$ 24,01 bilhões";"moeda";"CONFERE";"";"documento CVM: ""Resultado Antes do Resultado Financeiro e dos Tributos"" = 24.010.000 (R$ mil)";"R$ 24,01 bilhões"
"Positivo";"R$ 98,03 bilhões";"moeda";"CONFERE";"";"métrica calculada: endividamento.divida_bruta";"R$ 98,03 bilhões"
"Positivo";"R$ 201,47 bilhões";"moeda";"CONFERE";"";"métrica calculada: outros_destaques";"R$ 201,47 bilhões"
"Positivo";"R$ 2,237 bilhões";"moeda";"CONFERE";"";"documento CVM: ""Resultado Financeiro"" = -2.237.000 (R$ mil)";"-R$ 2,24 bilhões"
"Positivo";"R$ 2,186 bilhões";"moeda";"CONFERE";"";"documento CVM: ""Resultado financeiro, líquido"" (anterior) = -2.186.000 (R$ mil)";"-R$ 2,19 bilhões"
"Positivo";"4,6%";"percentual";"CONFERE";"";"métrica calculada: receita_principal.variacao_pct";"4,6%"
"Positivo";"8,7%";"percentual";"CONFERE";"";"métrica calculada: ebitda.variacao_pct";"8,7%"
"Positivo";"9,8%";"percentual";"CONFERE";"";"métrica calculada: outros_destaques";"9,8%"
"Positivo";"5,2%";"percentual";"CONFERE";"";"métrica calculada: endividamento.variacao_divida_pct";"-5,2%"
"Positivo";"6,6%";"percentual";"CONFERE";"";"métrica calculada: outros_destaques";"6,6%"
"Atenção";"R$ 17,24 bilhões";"moeda";"CONFERE";"";"documento CVM: ""Resultado Líquido das Operações Continuadas"" = 17.240.000 (R$ mil)";"R$ 17,24 bilhões"
"Atenção";"R$ 40,56 bilhões";"moeda";"CONFERE";"";"métrica calculada: endividamento.caixa_anterior";"R$ 40,56 bilhões"
"Atenção";"R$ 28,87 bilhões";"moeda";"CONFERE";"";"métrica calculada: endividamento.caixa_e_equivalentes";"R$ 28,87 bilhões"
"Atenção";"R$ 61,83 bilhões";"moeda";"CONFERE";"";"métrica calculada: endividamento.divida_liquida_anterior";"R$ 61,83 bilhões"
"Atenção";"R$ 68,19 bilhões";"moeda";"CONFERE";"";"métrica calculada: endividamento.divida_liquida";"R$ 68,19 bilhões"
"Atenção";"R$ 1,897 bilhões";"moeda";"CONFERE";"";"documento CVM: ""Pagamentos relacionados a Brumadinho"" = -1.897.000 (R$ mil)";"-R$ 1,90 bilhões"
"Atenção";"R$ 1,644 bilhões";"moeda";"CONFERE";"";"documento CVM: ""Pagamentos relacionados a Brumadinho"" (anterior) = -1.644.000 (R$ mil)";"-R$ 1,64 bilhões"
"Atenção";"R$ 14,465 bilhões";"moeda";"CONFERE";"";"documento CVM: ""Dividendos/JCP Pagos a Acionistas"" = -14.465.000 (R$ mil)";"-R$ 14,46 bilhões"
"Atenção";"R$ 11,365 bilhões";"moeda";"CONFERE";"";"documento CVM: ""Dividendos/JCP Pagos a Acionistas"" (anterior) = -11.365.000 (R$ mil)";"-R$ 11,37 bilhões"
"Atenção";"15,3%";"percentual";"CONFERE";"";"métrica calculada: lucro_liquido.variacao_pct";"-15,3%"
"Atenção";"28,8%";"percentual";"CONFERE";"";"métrica calculada: endividamento.variacao_caixa_pct";"-28,8%"